<?xml version="1.0" encoding="UTF-8"?>
<questestinterop xmlns="http://www.imsglobal.org/xsd/ims_qtiasiv1p2" xmlns:xsi="http://www.w3.org/2001/XMLSchema-instance" xsi:schemaLocation="http://www.imsglobal.org/xsd/ims_qtiasiv1p2 http://www.imsglobal.org/xsd/ims_qtiasiv1p2p1.xsd">
  <assessment ident="text2qti_assignment_164dc43c3498e446170206727a2bf8214ae7983225497be26558fc5c83f2421c" title="Quiz">
    <qtimetadata>
      <qtimetadatafield>
        <fieldlabel>cc_maxattempts</fieldlabel>
        <fieldentry>1</fieldentry>
      </qtimetadatafield>
    </qtimetadata>
    <section ident="root_section">
    <section ident="text2qti_group_442d4fd5602a8ac82769b6d1f1036a540e8603adea7da9fae73f5e4c7fd48392" title="Group">
      <selection_ordering>
        <selection>
          <selection_number>1</selection_number>
          <selection_extension>
            <points_per_item>1</points_per_item>
          </selection_extension>
        </selection>
      </selection_ordering>
      <item ident="text2qti_question_7b793b80cc5145a4b5e119d570769e2e513597b0c7dd4effb4d8a77942478cf5" title="Question">
        <itemmetadata>
          <qtimetadata>
            <qtimetadatafield>
              <fieldlabel>question_type</fieldlabel>
              <fieldentry>multiple_choice_question</fieldentry>
            </qtimetadatafield>
            <qtimetadatafield>
              <fieldlabel>points_possible</fieldlabel>
              <fieldentry>1</fieldentry>
            </qtimetadatafield>
            <qtimetadatafield>
              <fieldlabel>original_answer_ids</fieldlabel>
              <fieldentry>text2qti_choice_72d3ad5f6b6800e0c3cfb138b25538994b7287d1b92b52b6c845179fc5353e58,text2qti_choice_aa145efbe30d0fd32b26585a388771c3709b1179429f07db4a27f7af04e34dbe,text2qti_choice_56f12bfc9122669d596873cb3d76a9f1866d2d411ed135de1d0acb8a5a69e134,text2qti_choice_8406ad6d398fa8439739efc29d749ed0d28694163815671c6e79fe5aca41f9dc,text2qti_choice_a549c03f381eaefae9dd8162104ba988aefe7b7340da772df44653a77a9c7441</fieldentry>
            </qtimetadatafield>
            <qtimetadatafield>
              <fieldlabel>assessment_question_identifierref</fieldlabel>
              <fieldentry>text2qti_question_ref_7b793b80cc5145a4b5e119d570769e2e513597b0c7dd4effb4d8a77942478cf5</fieldentry>
            </qtimetadatafield>
          </qtimetadata>
        </itemmetadata>
        <presentation>
          <material>
            <mattext texttype="text/html">&lt;p&gt;A load cell is calibrated in an environment at a temperature of 21ºC and has the following deflection/load characteristics: When used in an environment at 35ºC, its characteristics changes to the following: Determine the sensitivity at 21ºC&lt;/p&gt;</mattext>
          </material>
          <response_lid ident="response1" rcardinality="Single">
            <render_choice>
              <response_label ident="text2qti_choice_72d3ad5f6b6800e0c3cfb138b25538994b7287d1b92b52b6c845179fc5353e58">
                <material>
                  <mattext texttype="text/html">&lt;p&gt;0.02&lt;/p&gt;</mattext>
                </material>
              </response_label>
              <response_label ident="text2qti_choice_aa145efbe30d0fd32b26585a388771c3709b1179429f07db4a27f7af04e34dbe">
                <material>
                  <mattext texttype="text/html">&lt;p&gt;45.5&lt;/p&gt;</mattext>
                </material>
              </response_label>
              <response_label ident="text2qti_choice_56f12bfc9122669d596873cb3d76a9f1866d2d411ed135de1d0acb8a5a69e134">
                <material>
                  <mattext texttype="text/html">&lt;p&gt;0.023&lt;/p&gt;</mattext>
                </material>
              </response_label>
              <response_label ident="text2qti_choice_8406ad6d398fa8439739efc29d749ed0d28694163815671c6e79fe5aca41f9dc">
                <material>
                  <mattext texttype="text/html">&lt;p&gt;0.022&lt;/p&gt;</mattext>
                </material>
              </response_label>
              <response_label ident="text2qti_choice_a549c03f381eaefae9dd8162104ba988aefe7b7340da772df44653a77a9c7441">
                <material>
                  <mattext texttype="text/html">&lt;p&gt;50&lt;/p&gt;</mattext>
                </material>
              </response_label>
            </render_choice>
          </response_lid>
        </presentation>
        <resprocessing>
          <outcomes>
            <decvar maxvalue="100" minvalue="0" varname="SCORE" vartype="Decimal"/>
          </outcomes>
          <respcondition continue="No">
            <conditionvar>
              <varequal respident="response1">text2qti_choice_72d3ad5f6b6800e0c3cfb138b25538994b7287d1b92b52b6c845179fc5353e58</varequal>
            </conditionvar>
            <setvar action="Set" varname="SCORE">100</setvar>
          </respcondition>
        </resprocessing>
      </item>
      <item ident="text2qti_question_4de2c0bad9017701f6713f3d83a018860044bb4b23c3ee0d5cf47d712e5a0c42" title="Question">
        <itemmetadata>
          <qtimetadata>
            <qtimetadatafield>
              <fieldlabel>question_type</fieldlabel>
              <fieldentry>multiple_choice_question</fieldentry>
            </qtimetadatafield>
            <qtimetadatafield>
              <fieldlabel>points_possible</fieldlabel>
              <fieldentry>1</fieldentry>
            </qtimetadatafield>
            <qtimetadatafield>
              <fieldlabel>original_answer_ids</fieldlabel>
              <fieldentry>text2qti_choice_78772ab56edbbdb97100bcefcefc5c9ca277a6f866370666d720f2cde05eb65e,text2qti_choice_53e1bb3274ef66e34e57382d236bf9d2bff9bd971e7d8bfce5125a25752c43ac,text2qti_choice_42e18f3aaa19a3377b2b2d9522dfe07665aaa8b10598b3a6a39d002e36b89e70,text2qti_choice_83a1801fc323fd5210e37e8c3bd5513791abcbd6834100df0540622b543b0af0,text2qti_choice_2150d51c21671e1873a8bc34a60f00e702acbb12564ec715790e463c77e95237</fieldentry>
            </qtimetadatafield>
            <qtimetadatafield>
              <fieldlabel>assessment_question_identifierref</fieldlabel>
              <fieldentry>text2qti_question_ref_4de2c0bad9017701f6713f3d83a018860044bb4b23c3ee0d5cf47d712e5a0c42</fieldentry>
            </qtimetadatafield>
          </qtimetadata>
        </itemmetadata>
        <presentation>
          <material>
            <mattext texttype="text/html">&lt;p&gt;A load cell is calibrated in an environment at a temperature of 21ºC and has the following deflection/load characteristics: When used in an environment at 35ºC, its characteristics changes to the following: Find the sensitivity at 35ºC.&lt;/p&gt;</mattext>
          </material>
          <response_lid ident="response1" rcardinality="Single">
            <render_choice>
              <response_label ident="text2qti_choice_78772ab56edbbdb97100bcefcefc5c9ca277a6f866370666d720f2cde05eb65e">
                <material>
                  <mattext texttype="text/html">&lt;p&gt;0.02&lt;/p&gt;</mattext>
                </material>
              </response_label>
              <response_label ident="text2qti_choice_53e1bb3274ef66e34e57382d236bf9d2bff9bd971e7d8bfce5125a25752c43ac">
                <material>
                  <mattext texttype="text/html">&lt;p&gt;45.5&lt;/p&gt;</mattext>
                </material>
              </response_label>
              <response_label ident="text2qti_choice_42e18f3aaa19a3377b2b2d9522dfe07665aaa8b10598b3a6a39d002e36b89e70">
                <material>
                  <mattext texttype="text/html">&lt;p&gt;0.023&lt;/p&gt;</mattext>
                </material>
              </response_label>
              <response_label ident="text2qti_choice_83a1801fc323fd5210e37e8c3bd5513791abcbd6834100df0540622b543b0af0">
                <material>
                  <mattext texttype="text/html">&lt;p&gt;0.022&lt;/p&gt;</mattext>
                </material>
              </response_label>
              <response_label ident="text2qti_choice_2150d51c21671e1873a8bc34a60f00e702acbb12564ec715790e463c77e95237">
                <material>
                  <mattext texttype="text/html">&lt;p&gt;43.5z&lt;/p&gt;</mattext>
                </material>
              </response_label>
            </render_choice>
          </response_lid>
        </presentation>
        <resprocessing>
          <outcomes>
            <decvar maxvalue="100" minvalue="0" varname="SCORE" vartype="Decimal"/>
          </outcomes>
          <respcondition continue="No">
            <conditionvar>
              <varequal respident="response1">text2qti_choice_83a1801fc323fd5210e37e8c3bd5513791abcbd6834100df0540622b543b0af0</varequal>
            </conditionvar>
            <setvar action="Set" varname="SCORE">100</setvar>
          </respcondition>
        </resprocessing>
      </item>
    </section>
    </section>
  </assessment>
</questestinterop>
